-- 상품
insert into producttbl values(001, '아이폰','모바일/태블릿',1000000, 1500000, 50, '2021-12-01');
insert into producttbl values(002, '에어팟','음향기기',200000, 300000, 50, '2021-12-01');
insert into producttbl values(003, '아이패드','모바일/태블릿',2000000, 3000000, 50, '2021-12-01');
insert into producttbl values(004, '키보드','PC주변기기', 50000, 70000, 100, '2021-12-01');
insert into producttbl values(005, '볼펜','문구/사무용품', 300, 500, 100, '2021-12-01');
insert into producttbl values(006, '마우스','PC주변기기', 30000, 40000, 100, '2021-12-01');
insert into producttbl values(007, '헤드폰','음향기기', 250000, 300000, 100, '2021-12-01');
insert into producttbl values(008, '노트북','PC/노트북', 1500000, 2000000, 50, '2021-12-01');
insert into producttbl values(009, '색연필','문구/사무용품', 500, 1000, 100, '2021-12-01');
insert into producttbl values(010, '벽시계','조명/인테리어', 100000, 150000, 100, '2021-12-01');
insert into producttbl values(011, '운동화','신발', 100000, 200000, 100, '2021-12-01');
insert into producttbl values(012, '무선청소기','생활/미용가전', 100000, 150000, 100, '2021-12-01');
insert into producttbl values(013, '인형','장난감/완구',10000, 15000, 100, '2021-12-01');
insert into producttbl values(014, '모니터','모니터/프린터',300000, 350000, 100, '2021-12-01');
insert into producttbl values(015, '필통','문구/사무용품', 2000, 3000, 100, '2021-12-01');
insert into producttbl values(016, '포스트잇','문구/사무용품', 1000, 2000, 100, '2021-12-01');
insert into producttbl values(017, '자석','문구/사무용품',500, 1000, 100, '2021-12-01');
insert into producttbl values(018, '봉투','문구/사무용품',800, 1000, 100, '2021-12-01');
insert into producttbl values(019, '가위','문구/사무용품',1000, 1500, 100, '2021-12-01');
insert into producttbl values(020, '수정테이프','문구/사무용품',1000, 2000, 100, '2021-12-01');
insert into producttbl values(021, '결재판','문구/사무용품', 3000, 5000, 100, '2021-12-01');
insert into producttbl values(022, '형광펜','문구/사무용품',500, 1000, 100, '2021-12-01');
insert into producttbl values(023, '종이컵','문구/사무용품', 1000, 2000, 100, '2021-12-01');
insert into producttbl values(024, '복사용지','문구/사무용품', 10000, 20000, 100, '2021-12-01');
insert into producttbl values(025, '네임펜','문구/사무용품', 1000, 1200, 100, '2021-12-01');
insert into producttbl values(026, '보드마카','문구/사무용품',800, 1000, 100, '2021-12-01');
insert into producttbl values(027, '테이프','문구/사무용품',700, 1000, 100, '2021-12-01');
insert into producttbl values(028, '딱풀','문구/사무용품', 200, 500, 100, '2021-12-01');
insert into producttbl values(029, '지우개','문구/사무용품',300, 500, 100, '2021-12-01');
insert into producttbl values(030, '독서대','문구/사무용품',10000, 16000, 100, '2021-12-01');
insert into producttbl values(031, '가습기','계절가전', 50000, 80000, 100, '2021-12-01');
insert into producttbl values(032, '외장하드','저장장치', 100000, 200000, 100, '2021-12-01');
insert into producttbl values(033, '커피메이커','주방가전',100000, 120000, 100, '2021-12-01');
insert into producttbl values(034, '믹서기','주방가전',80000, 100000, 100, '2021-12-01');
insert into producttbl values(035, '물티슈','생필품', 600, 1000, 100, '2021-12-01');
insert into producttbl values(036, '위생장갑','주방용품', 1000, 1300, 100, '2021-12-01');
insert into producttbl values(037, '휴지통','생활용품', 1000, 2000, 100, '2021-12-01');
insert into producttbl values(038, '커피믹스', '커피/음료',10000, 11000, 100, '2021-12-01');
insert into producttbl values(039, '멀티탭','공구/안전/산업용품', 5000, 8000, 100, '2021-12-01');
insert into producttbl values(040, '다이어리','문구/사무용품',5000, 7000, 100, '2021-12-01');
insert into producttbl values(041, '선풍기','계절가전', 50000, 70000, 100, '2021-12-01');
insert into producttbl values(042, '공기청정기','계절가전', 60000, 100000, 100, '2021-12-01');
insert into producttbl values(043, '로봇청소기','생활/미용가전', 200000, 300000, 100, '2021-12-01');
insert into producttbl values(044, '건조기','생활/미용가전',500000, 800000, 100, '2021-12-01');
insert into producttbl values(045, '세탁기','생활/미용가전',50000, 750000, 100, '2021-12-01');
insert into producttbl values(046, '세제','생필품', 3500, 5000, 100, '2021-12-01');
insert into producttbl values(047, '샴푸','바디/헤어',10000, 20000, 100, '2021-12-01');
insert into producttbl values(048, '린스','바디/헤어', 5000, 7000, 100, '2021-12-01');
insert into producttbl values(049, '트리트먼드','바디/헤어', 8000, 12000, 100, '2021-12-01');
insert into producttbl values(050, '드라이기','생활/미용가전',25000, 50000, 100, '2021-12-01');
insert into producttbl values(051, '진청바지','의류/하의',10000, 20000, 150, '2021-03-24');
insert into producttbl values(052, '연청바지','의류/하의',10000, 20000, 130, '2021-03-14');
insert into producttbl values(053, '찢청바지','의류/하의',13000, 23000, 120, '2021-04-14');
insert into producttbl values(054, '군청바지','의류/하의', 14000, 24000, 100, '2021-04-23');
insert into producttbl values(055, '나이키운동화','신발', 61000, 80000, 400, '2021-06-12');
insert into producttbl values(056, '아디다스운동화','신발',70000, 90000, 500, '2021-06-12');
insert into producttbl values(057, '흰운동화','신발', 10000, 20000, 100, '2021-07-15');
insert into producttbl values(058, '검정운동화','신발',30000, 20000, 130, '2021-07-15');
insert into producttbl values(059, '파란운동화','신발',20000, 20000, 140, '2021-07-17');
insert into producttbl values(060, '빨간운동화','신발', 30000, 20000, 150, '2021-08-17');
insert into producttbl values(061, '러닝운동화','신발',70000, 20000, 160, '2021-08-15');
insert into producttbl values(062, '흰와이셔츠','의류/상의', 20000, 20000, 170, '2021-08-17');
insert into producttbl values(063, '검정와이셔츠','의류/상의',10000, 20000, 200, '2021-08-15');
insert into producttbl values(064, '파란와이셔츠','의류/상의',10000, 20000, 300, '2021-08-17');
insert into producttbl values(065, '빨간와이셔츠','의류/상의',10000, 20000, 140, '2021-08-18');
insert into producttbl values(066, '기본와이셔츠','의류/상의',10000, 20000, 104, '2021-08-26');
insert into producttbl values(067, '무난와이셔츠','의류/상의',10000, 20000, 140, '2021-09-23');
insert into producttbl values(068, '정장와이셔츠','의류/상의',20000, 20000, 50, '2021-09-27');
insert into producttbl values(069, '하와이셔츠','의류/상의',10000, 22000, 160, '2021-09-15');
insert into producttbl values(070, '꽃블라우스','의류/상의',15000, 24000, 160, '2021-09-17');
insert into producttbl values(071, '연블라우스','의류/상의',15000, 24000, 140, '2021-09-15');
insert into producttbl values(072, '흰블라우스','의류/상의', 15000, 24000, 130, '2021-10-14');
insert into producttbl values(073, '검정블라우스','의류/상의',15000, 25000, 300, '2021-10-17');
insert into producttbl values(074, '정장블라우스','의류/상의',16000, 25000, 200, '2021-10-26');
insert into producttbl values(075, '무난블라우스','의류/상의', 16000, 26000, 100, '2021-11-27');
insert into producttbl values(076, '튀는블라우스','의류/상의',16000, 26000, 100, '2021-11-26');
insert into producttbl values(077, '흰의류/코트','의류/코트', 50000, 60000, 100, '2021-11-24');
insert into producttbl values(078, '베이지의류/코트','의류/코트', 50000, 60000, 100, '2021-11-24');
insert into producttbl values(079, '검정의류/코트','의류/코트', 50000, 60000, 100, '2021-11-16');
insert into producttbl values(080, '네이비의류/코트','의류/코트', 50000, 70000, 100, '2021-11-17');
insert into producttbl values(081, '떡볶이의류/코트','의류/코트',60000, 70000, 160, '2021-11-18');
insert into producttbl values(082, '겨울의류/코트','의류/코트',60000, 70000, 100, '2021-11-15');
insert into producttbl values(083, '가을의류/코트','의류/코트',70000, 80000, 100, '2021-11-14');
insert into producttbl values(084, '봄의류/코트','의류/코트', 40000, 50000, 100, '2021-11-17');
insert into producttbl values(085, '신상의류/코트','의류/코트',42000, 60000, 160, '2021-12-27');
insert into producttbl values(086, '무난의류/코트','의류/코트',43000, 60000, 100, '2021-12-26');
insert into producttbl values(087, '튀는의류/코트','의류/코트', 43000, 50000, 100, '2021-12-27');
insert into producttbl values(088, '기본티셔츠','의류/상의', 4000, 10000, 160, '2021-12-28');
insert into producttbl values(089, '흰티셔츠','의류/상의', 5000, 10000, 160, '2021-12-29');
insert into producttbl values(090, '그레이티셔츠','의류/상의',5000, 10000, 100, '2021-12-16');
insert into producttbl values(091, '남색티셔츠','의류/상의', 6000, 10000, 100, '2021-12-15');
insert into producttbl values(092, '네이비티셔츠','의류/상의',6000, 10000, 100, '2021-12-01');
insert into producttbl values(093, '예쁜티셔츠','의류/상의',10000, 20000, 100, '2021-12-24');
insert into producttbl values(094, '봄티셔츠','의류/상의', 16000, 20000, 100, '2021-12-26');
insert into producttbl values(095, '여름티셔츠','의류/상의', 8000, 12000, 160, '2021-12-16');
insert into producttbl values(096, '가을티셔츠','의류/상의',10000, 12000, 100, '2021-12-13');
insert into producttbl values(097, '겨울티셔츠','의류/상의',12000, 23000, 100, '2021-12-12');
insert into producttbl values(098, '나이키티셔츠','의류/상의',30000, 50000, 160, '2021-12-15');
insert into producttbl values(099, '운동티셔츠','의류/상의',20000, 30000, 100, '2021-12-16');
insert into producttbl values(100, '무난티셔츠','의류/상의',10000, 20000, 100, '2021-12-17');

-- 멤버 
insert into membertbl values('mem001', '010-4852-1358', '경기도 고양시 일산동구 식사동 1504', '전소미');
insert into membertbl values('mem002', '010-6384-1111', '경기도 성남시 중원구 하대원동 539 (자이아파트)', '한세정');
insert into membertbl values('mem003', '010-6854-3524', '경기도 용인시 수지구 신봉동 911 (신봉마을자이2차아파트)', '김청하');
insert into membertbl values('mem004', '010-6545-8975', '경상남도 창원시 마산합포구 교원동 46 (무학자이아파트)', '이채연');
insert into membertbl values('mem005', '010-7895-3542', '인천광역시 서구 왕길동 692-1 (검단자이1단지)', '박나영');
insert into membertbl values('mem006', '010-7865-3554', '충청남도 천안시 서북구 쌍용동 2075 (쌍용자이아파트)', '김유정');
insert into membertbl values('mem007', '010-1235-4567', '강원도 강릉시 교동 1983 (강릉교동롯데캐슬아파트)', '안소혜');
insert into membertbl values('mem008', '010-1235-7895', '경기도 광주시 쌍령동 177 (롯데하이츠빌라)', '박미나');
insert into membertbl values('mem009', '010-4567-8520', '전라남도 장흥군 장흥읍 건산리 752 (한빛맨션)', '한연정');
insert into membertbl values('mem010', '010-7896-1235', '서울특별시 동작구 상도동 279-383 (캐슬프라임)', '전도연');
insert into membertbl values('mem011', '010-9985-1588', '경상남도 통영시 인평동 177-9 (한빛원룸)', '이채영');
insert into membertbl values('mem012', '010-8282-4848', '서울특별시 강서구 화곡동 918-24 (크로스캐슬아파트)', '오미나');
insert into membertbl values('mem013', '010-7855-2542', '대구광역시 수성구 만촌동 871-18 (한빛하우스)', '이모모');
insert into membertbl values('mem014', '010-8855-4555', '서울특별시 서초구 반포동 20-43 (반포자이아파트)', '송정연');
insert into membertbl values('mem015', '010-7852-3334', '강원도 삼척시 교동 748-8 (한빛원룸)', '송지효');
insert into membertbl values('mem016', '010-1552-7954', '부산광역시 금정구 장전동 654-44 (한빛빌)', '이다현');
insert into membertbl values('mem017', '010-1662-8245', '서울특별시 강북구 번동 444-80 (한빛그린빌라)', '홍사나');
insert into membertbl values('mem018', '010-1485-6080', '충청남도 당진시 송악읍 반촌리 985 (한빛아파트)', '김태연');
insert into membertbl values('mem019', '010-1123-0101', '인천광역시 남동구 간석동 244-11 (한빛)', '송중기');
insert into membertbl values('mem020', '010-1234-4242', '경기도 광주시 오포읍 능평리 333-4 (롯데빌리지)', '이승기');
insert into membertbl values('mem021', '010-1255-7979', '서울특별시 중랑구 면목동 136-2 (그린캐슬아파트)', '강동원');
insert into membertbl values('mem022', '010-6655-8282', '충청남도 아산시 읍내동 221-5 (롯데빌라)', '이유리');
insert into membertbl values('mem023', '010-7788-4848', '경기도 김포시 사우동 225-38 (롯데다세대주택)', '신수영');
insert into membertbl values('mem024', '010-9911-5252', '충청북도 청주시 청원구 내덕동 60-1 (롯데삼성아파트)', '강서현');
insert into membertbl values('mem025', '010-1813-1004', '경기도 군포시 산본동 1145-6 (롯데피트인산본)', '지서현');
insert into membertbl values('mem026', '010-1234-0026', '부산광역시 서구 행복동 가가아파트 101동 1011호', '박형진');
insert into membertbl values('mem027', '010-1234-0027', '부산광역시 동구 가동 나나아파트 192동 1023호', '허채은');
insert into membertbl values('mem028', '010-2324-2344', '부산광역시 서구 나동 다다아파트 123동 1234호', '정승식');
insert into membertbl values('mem029', '010-2345-3453', '부산광역시 동구 마동 라라아파트 234동 1234호', '김유경');
insert into membertbl values('mem030', '010-2345-7567', '부산광역시 서구 다동 마마아파트 123동 3422호', '김현비');
insert into membertbl values('mem031', '010-5677-5655', '서울특별시 중구 마동 아아아파트 123동 2352호', '허채은');
insert into membertbl values('mem032', '010-2344-3333', '서울특별시 중구 라동 바바아파트 345동 234호', '정전궁');
insert into membertbl values('mem033', '010-2222-3423', '서울특별시 동구 마동 사사아파트 3465동 123호', '박형식');
insert into membertbl values('mem034', '010-2342-3535', '서울특별시 서구 바동 자자아파트 1231동 234호', '박서준');
insert into membertbl values('mem035', '010-2342-6266', '서울특별시 동구 사동 다다아파트 2543동 1234호', '사나');
insert into membertbl values('mem036', '010-2345-3545', '대전광역시 서구 아동 가가아파트 2342동 5364호', '다현');
insert into membertbl values('mem037', '010-3745-3455', '대전광역시 동구 나동 마마아파트 345동 3222호', '모모');
insert into membertbl values('mem038', '010-3425-7556', '대전광역시 동구 미동 나나아파트 222동 1123호', '김윤아');
insert into membertbl values('mem039', '010-4564-2342', '대전광역시 서구 가동 아아아파트 121동 2342호', '박정민');
insert into membertbl values('mem040', '010-3645-2345', '대전광역시 동구 라동 다다아파트 131동 1234호', '이이정');
insert into membertbl values('mem041', '010-5675-3545', '대전광역시 서구 미동 카카아파트 123동 453호', '모니카');
insert into membertbl values('mem042', '010-2344-5675', '대전광역시 대덕구 가동 타타아파트 563동 2352호', '김다은');
insert into membertbl values('mem043', '010-3423-3433', '충청남도 아산시 읍내동 아아아파트 365동 2342호', '허나은');
insert into membertbl values('mem044', '010-2342-6867', '충청남도 아산시 읍내동 마마아파트 234동 2123호', '김수정');
insert into membertbl values('mem045', '010-3455-5856', '충청남도 아산시 읍내동 아아아파트 1245동 1234호', '김정은');
insert into membertbl values('mem046', '010-9789-4656', '경기도 광주시 바동 마마아파트 1234동 2534호', '박법기');
insert into membertbl values('mem047', '010-6867-3453', '경기도 광주시 다동 아아아파트 1234동 2344호', '가나다');
insert into membertbl values('mem048', '010-6868-3453', '대구광역시 동구 아동 마마아파트 57동 1234호', '김정국');
insert into membertbl values('mem049', '010-8987-3453', '대구광역시 서구 카동 아아아파트 8567동 1111호', '박정숙');
insert into membertbl values('mem050', '010-5455-7675', '대구광역시 서구 티동 마마아파트 3455동 2333호', '박정순');



-- 주문
insert into ordertbl(ID, productNo, orderAmount, orderDate) values('mem002', 051, 1, '2021-03-24');
insert into ordertbl(ID, productNo, orderAmount, orderDate) values('mem002', 052, 1, '2021-03-25');
insert into ordertbl(ID, productNo, orderAmount, orderDate) values('mem003', 053, 1, '2021-03-26');
insert into ordertbl(ID, productNo, orderAmount, orderDate) values('mem044', 053, 1, '2021-04-12');
insert into ordertbl(ID, productNo, orderAmount, orderDate) values('mem013', 051, 2, '2021-04-13');
insert into ordertbl(ID, productNo, orderAmount, orderDate) values('mem024', 054, 2, '2021-04-28');
insert into ordertbl(ID, productNo, orderAmount, orderDate) values('mem036', 054, 5, '2021-04-29');
insert into ordertbl(ID, productNo, orderAmount, orderDate) values('mem045', 051, 1, '2021-05-17');
insert into ordertbl(ID, productNo, orderAmount, orderDate) values('mem014', 053, 3, '2021-05-22');
insert into ordertbl(ID, productNo, orderAmount, orderDate) values('mem022', 052, 2, '2021-05-25');
insert into ordertbl(ID, productNo, orderAmount, orderDate) values('mem015', 051, 1, '2021-05-27');
insert into ordertbl(ID, productNo, orderAmount, orderDate) values('mem026', 055, 1, '2021-06-22');
insert into ordertbl(ID, productNo, orderAmount, orderDate) values('mem033', 055, 1, '2021-06-25');
insert into ordertbl(ID, productNo, orderAmount, orderDate) values('mem045', 056, 1, '2021-06-30');
insert into ordertbl(ID, productNo, orderAmount, orderDate) values('mem041', 058, 2, '2021-07-27');
insert into ordertbl(ID, productNo, orderAmount, orderDate) values('mem042', 058, 2, '2021-07-27');
insert into ordertbl(ID, productNo, orderAmount, orderDate) values('mem033', 051, 5, '2021-07-27');
insert into ordertbl(ID, productNo, orderAmount, orderDate) values('mem043', 052, 1, '2021-07-28');
insert into ordertbl(ID, productNo, orderAmount, orderDate) values('mem014', 058, 3, '2021-08-11');
insert into ordertbl(ID, productNo, orderAmount, orderDate) values('mem026', 056, 2, '2021-08-11');
insert into ordertbl(ID, productNo, orderAmount, orderDate) values('mem015', 052, 1, '2021-08-25');
insert into ordertbl(ID, productNo, orderAmount, orderDate) values('mem027', 058, 1, '2021-08-27');
insert into ordertbl(ID, productNo, orderAmount, orderDate) values('mem035', 061, 1, '2021-08-28');
insert into ordertbl(ID, productNo, orderAmount, orderDate) values('mem044', 062, 1, '2021-08-28');
insert into ordertbl(ID, productNo, orderAmount, orderDate) values('mem013', 062, 2, '2021-09-15');
insert into ordertbl(ID, productNo, orderAmount, orderDate) values('mem022', 065, 2, '2021-09-16');
insert into ordertbl(ID, productNo, orderAmount, orderDate) values('mem032', 064, 5, '2021-09-17');
insert into ordertbl(ID, productNo, orderAmount, orderDate) values('mem044', 066, 1, '2021-09-17');
insert into ordertbl(ID, productNo, orderAmount, orderDate) values('mem015', 066, 3, '2021-09-29');
insert into ordertbl(ID, productNo, orderAmount, orderDate) values('mem026', 069, 2, '2021-09-29');
insert into ordertbl(ID, productNo, orderAmount, orderDate) values('mem017', 070, 1, '2021-10-11');
insert into ordertbl(ID, productNo, orderAmount, orderDate) values('mem022', 070, 1, '2021-10-16');
insert into ordertbl(ID, productNo, orderAmount, orderDate) values('mem033', 066, 1, '2021-10-16');
insert into ordertbl(ID, productNo, orderAmount, orderDate) values('mem045', 056, 1, '2021-11-26');
insert into ordertbl(ID, productNo, orderAmount, orderDate) values('mem016', 072, 2, '2021-11-27');
insert into ordertbl(ID, productNo, orderAmount, orderDate) values('mem027', 071, 2, '2021-11-27');
insert into ordertbl(ID, productNo, orderAmount, orderDate) values('mem035', 075, 5, '2021-11-27');
insert into ordertbl(ID, productNo, orderAmount, orderDate) values('mem044', 098, 1, '2021-12-23');
insert into ordertbl(ID, productNo, orderAmount, orderDate) values('mem013', 088, 3, '2021-12-26');
insert into ordertbl(ID, productNo, orderAmount, orderDate) values('mem022', 087, 2, '2021-12-29');
insert into ordertbl(ID, productNo, orderAmount, orderDate) values('mem001', 003, 1, '2021-12-01');
insert into ordertbl(ID, productNo, orderAmount, orderDate) values('mem001', 031, 1, '2021-12-02');
insert into ordertbl(ID, productNo, orderAmount, orderDate) values('mem002', 006, 4, '2021-12-01');
insert into ordertbl(ID, productNo, orderAmount, orderDate) values('mem002', 007, 2, '2021-12-01');
insert into ordertbl(ID, productNo, orderAmount, orderDate) values('mem003', 001, 3, '2021-12-02');
insert into ordertbl(ID, productNo, orderAmount, orderDate) values('mem004', 002, 1, '2021-12-03');
insert into ordertbl(ID, productNo, orderAmount, orderDate) values('mem005', 038, 1, '2021-12-04');
insert into ordertbl(ID, productNo, orderAmount, orderDate) values('mem007', 045, 2, '2021-12-05');
insert into ordertbl(ID, productNo, orderAmount, orderDate) values('mem008', 002, 5, '2021-12-06');
insert into ordertbl(ID, productNo, orderAmount, orderDate) values('mem011', 004, 3, '2021-11-25');
insert into ordertbl(ID, productNo, orderAmount, orderDate) values('mem013', 008, 2, '2021-11-25');
insert into ordertbl(ID, productNo, orderAmount, orderDate) values('mem013', 009, 1, '2021-11-30');
insert into ordertbl(ID, productNo, orderAmount, orderDate) values('mem014', 019, 2, '2021-11-02');
insert into ordertbl(ID, productNo, orderAmount, orderDate) values('mem017', 027, 3, '2021-11-03');
insert into ordertbl(ID, productNo, orderAmount, orderDate) values('mem017', 028, 1, '2021-11-01');
insert into ordertbl(ID, productNo, orderAmount, orderDate) values('mem017', 099, 1, '2021-11-11');
insert into ordertbl(ID, productNo, orderAmount, orderDate) values('mem017', 034, 2, '2021-11-12');
insert into ordertbl(ID, productNo, orderAmount, orderDate) values('mem019', 007, 1, '2021-11-21');
insert into ordertbl(ID, productNo, orderAmount, orderDate) values('mem022', 043, 1, '2021-11-22');
insert into ordertbl(ID, productNo, orderAmount, orderDate) values('mem026', 023, 2, '2021-10-22');
insert into ordertbl(ID, productNo, orderAmount, orderDate) values('mem022', 044, 1, '2021-10-25');
insert into ordertbl(ID, productNo, orderAmount, orderDate) values('mem023', 033, 1, '2021-10-30');
insert into ordertbl(ID, productNo, orderAmount, orderDate) values('mem001', 022, 2, '2021-10-11');
insert into ordertbl(ID, productNo, orderAmount, orderDate) values('mem008', 011, 1, '2021-10-14');
insert into ordertbl(ID, productNo, orderAmount, orderDate) values('mem011', 006, 3, '2021-10-15');
insert into ordertbl(ID, productNo, orderAmount, orderDate) values('mem015', 028, 2, '2021-10-17');
insert into ordertbl(ID, productNo, orderAmount, orderDate) values('mem008', 008, 2, '2021-10-22');
insert into ordertbl(ID, productNo, orderAmount, orderDate) values('mem009', 007, 2, '2021-10-23');
insert into ordertbl(ID, productNo, orderAmount, orderDate) values('mem010', 038, 1, '2021-10-17');
insert into ordertbl(ID, productNo, orderAmount, orderDate) values('mem011', 009, 2, '2021-10-18');
insert into ordertbl(ID, productNo, orderAmount, orderDate) values('mem012', 039, 4, '2021-11-06');
insert into ordertbl(ID, productNo, orderAmount, orderDate) values('mem011', 029, 5, '2021-11-07');
insert into ordertbl(ID, productNo, orderAmount, orderDate) values('mem021', 045, 2, '2021-11-03');
insert into ordertbl(ID, productNo, orderAmount, orderDate) values('mem020', 027, 1, '2021-11-28');
insert into ordertbl(ID, productNo, orderAmount, orderDate) values('mem021', 039, 1, '2021-11-16');
insert into ordertbl(ID, productNo, orderAmount, orderDate) values('mem022', 040, 10, '2021-11-12');
insert into ordertbl(ID, productNo, orderAmount, orderDate) values('mem023', 041, 1, '2021-10-23');
insert into ordertbl(ID, productNo, orderAmount, orderDate) values('mem011', 041, 2, '2021-10-22');
insert into ordertbl(ID, productNo, orderAmount, orderDate) values('mem003', 041, 3, '2021-10-21');
insert into ordertbl(ID, productNo, orderAmount, orderDate) values('mem004', 001, 1, '2021-10-27');

use shopmallmanagedb;

select * from membertbl;
select * from odertbl;
select * from producttbl;